name_A,name_B
"Albert Karipova","Albert Larson"
"Albert Karipova","Albert Li"
"Albert Karipova","Alex Larson"
"Albert Karipova","Alex Peterson"
"Albert Karipova","Bruno Karipova"
"Albert Karipova","Bruno Parker"
"Albert Karipova","Charles Karipova"
"Albert Karipova","Charles Parker"
"Albert Karipova","Charles Peterson"
"Albert Karipova","Denny Goldstein"
"Albert Karipova","Denny Toddbridge"
"Albert Karipova","Elena DSouza"
"Albert Karipova","Emma Goldstein"
"Albert Karipova","Emma Parker"
"Albert Karipova","Gabriela Li"
"Albert Karipova","George Parker"
"Albert Karipova","Gina Larson"
"Albert Karipova","Jeremy Carey"
"Albert Karipova","Jeremy Goldstein"
"Albert Karipova","Jeremy Parker"
"Albert Karipova","John Parker"
"Albert Karipova","Mandy Wood"
"Albert Karipova","Monica DSouza"
"Albert Karipova","Monica Keit"
"Albert Karipova","Monica Lomet"
"Albert Karipova","Nadir Karipova"
"Albert Karipova","Nadir Li"
"Albert Karipova","Roger Larson"
"Albert Karipova","Sam Goldstein"
"Albert Karipova","Tina Keit"
"Albert Karipova","Tom Chrysler"
"Albert Karipova","Tom Wood"
"Albert Larson","Albert Karipova"
"Albert Larson","Albert Li"
"Albert Larson","Alex Larson"
"Albert Larson","Alex Peterson"
"Albert Larson","Bruno Karipova"
"Albert Larson","Charles Karipova"
"Albert Larson","Charles Parker"
"Albert Larson","Charles Peterson"
"Albert Larson","David Parker"
"Albert Larson","Denny Goldstein"
"Albert Larson","Denny Keit"
"Albert Larson","Denny Toddbridge"
"Albert Larson","Elena DSouza"
"Albert Larson","Emma Goldstein"
"Albert Larson","Emma Parker"
"Albert Larson","Gabriela Li"
"Albert Larson","George Parker"
"Albert Larson","Gina Larson"
"Albert Larson","Jeremy Goldstein"
"Albert Larson","John Parker"
"Albert Larson","Mandy Wood"
"Albert Larson","Monica Keit"
"Albert Larson","Monica Lomet"
"Albert Larson","Nadir Karipova"
"Albert Larson","Nadir Li"
"Albert Larson","Sam Goldstein"
"Albert Larson","Sam Larson"
"Albert Larson","Sam Peterson"
"Albert Larson","Tina Keit"
"Albert Larson","Tom Chrysler"
"Albert Larson","Tom Wood"
"Albert Li","Albert Karipova"
"Albert Li","Albert Larson"
"Albert Li","Alex Larson"
"Albert Li","Alex Peterson"
"Albert Li","Bruno Karipova"
"Albert Li","Bruno Parker"
"Albert Li","Charles Parker"
"Albert Li","Charles Peterson"
"Albert Li","Denny Goldstein"
"Albert Li","Denny Keit"
"Albert Li","Denny Toddbridge"
"Albert Li","Elena DSouza"
"Albert Li","Emma Goldstein"
"Albert Li","Emma Parker"
"Albert Li","Gabriela Li"
"Albert Li","George Parker"
"Albert Li","Gina Larson"
"Albert Li","Jeremy Carey"
"Albert Li","Jeremy Goldstein"
"Albert Li","Jeremy Parker"
"Albert Li","John Parker"
"Albert Li","Monica DSouza"
"Albert Li","Monica Keit"
"Albert Li","Monica Lomet"
"Albert Li","Nadir Li"
"Albert Li","Roger Larson"
"Albert Li","Tina Keit"
"Albert Li","Tom Chrysler"
"Albert Li","Tom Wood"
"Alex Larson","Albert Karipova"
"Alex Larson","Albert Larson"
"Alex Larson","Albert Li"
"Alex Larson","Alex Peterson"
"Alex Larson","Bruno Karipova"
"Alex Larson","Charles Karipova"
"Alex Larson","Charles Parker"
"Alex Larson","Charles Peterson"
"Alex Larson","David Parker"
"Alex Larson","Denny Goldstein"
"Alex Larson","Denny Keit"
"Alex Larson","Elena DSouza"
"Alex Larson","Emma Goldstein"
"Alex Larson","Gabriela Li"
"Alex Larson","Gina Larson"
"Alex Larson","Jeremy Carey"
"Alex Larson","Jeremy Goldstein"
"Alex Larson","Jeremy Parker"
"Alex Larson","Mandy Wood"
"Alex Larson","Monica DSouza"
"Alex Larson","Monica Keit"
"Alex Larson","Monica Lomet"
"Alex Larson","Nadir Karipova"
"Alex Larson","Roger Larson"
"Alex Larson","Sam Goldstein"
"Alex Larson","Sam Larson"
"Alex Larson","Sam Peterson"
"Alex Larson","Tina Keit"
"Alex Larson","Tom Wood"
"Alex Peterson","Albert Larson"
"Alex Peterson","Alex Larson"
"Alex Peterson","Bruno Karipova"
"Alex Peterson","Bruno Parker"
"Alex Peterson","Charles Karipova"
"Alex Peterson","Charles Parker"
"Alex Peterson","Charles Peterson"
"Alex Peterson","David Parker"
"Alex Peterson","Denny Keit"
"Alex Peterson","Denny Toddbridge"
"Alex Peterson","Emma Parker"
"Alex Peterson","Gabriela Li"
"Alex Peterson","George Parker"
"Alex Peterson","Jeremy Carey"
"Alex Peterson","Jeremy Goldstein"
"Alex Peterson","John Parker"
"Alex Peterson","Mandy Wood"
"Alex Peterson","Monica Keit"
"Alex Peterson","Monica Lomet"
"Alex Peterson","Nadir Karipova"
"Alex Peterson","Nadir Li"
"Alex Peterson","Roger Larson"
"Alex Peterson","Sam Goldstein"
"Alex Peterson","Sam Larson"
"Alex Peterson","Sam Peterson"
"Alex Peterson","Tom Wood"
"Bruno Karipova","Albert Karipova"
"Bruno Karipova","Albert Larson"
"Bruno Karipova","Alex Larson"
"Bruno Karipova","Charles Karipova"
"Bruno Karipova","Charles Parker"
"Bruno Karipova","Charles Peterson"
"Bruno Karipova","David Parker"
"Bruno Karipova","Denny Goldstein"
"Bruno Karipova","Denny Keit"
"Bruno Karipova","Emma Goldstein"
"Bruno Karipova","Emma Parker"
"Bruno Karipova","Gabriela Li"
"Bruno Karipova","George Parker"
"Bruno Karipova","Gina Larson"
"Bruno Karipova","Jeremy Carey"
"Bruno Karipova","Jeremy Goldstein"
"Bruno Karipova","Jeremy Parker"
"Bruno Karipova","John Parker"
"Bruno Karipova","Mandy Wood"
"Bruno Karipova","Monica Keit"
"Bruno Karipova","Monica Lomet"
"Bruno Karipova","Nadir Karipova"
"Bruno Karipova","Sam Goldstein"
"Bruno Karipova","Sam Larson"
"Bruno Karipova","Sam Peterson"
"Bruno Karipova","Tina Keit"
"Bruno Karipova","Tom Wood"
"Bruno Parker","Albert Karipova"
"Bruno Parker","Albert Larson"
"Bruno Parker","Albert Li"
"Bruno Parker","Alex Larson"
"Bruno Parker","Alex Peterson"
"Bruno Parker","Bruno Karipova"
"Bruno Parker","Charles Karipova"
"Bruno Parker","Charles Parker"
"Bruno Parker","Charles Peterson"
"Bruno Parker","David Parker"
"Bruno Parker","Denny Goldstein"
"Bruno Parker","Elena DSouza"
"Bruno Parker","Emma Goldstein"
"Bruno Parker","Emma Parker"
"Bruno Parker","Gabriela Li"
"Bruno Parker","George Parker"
"Bruno Parker","Jeremy Carey"
"Bruno Parker","Jeremy Goldstein"
"Bruno Parker","Jeremy Parker"
"Bruno Parker","John Parker"
"Bruno Parker","Mandy Wood"
"Bruno Parker","Monica DSouza"
"Bruno Parker","Monica Keit"
"Bruno Parker","Monica Lomet"
"Bruno Parker","Nadir Karipova"
"Bruno Parker","Nadir Li"
"Bruno Parker","Roger Larson"
"Bruno Parker","Sam Goldstein"
"Bruno Parker","Sam Larson"
"Bruno Parker","Sam Peterson"
"Bruno Parker","Tina Keit"
"Bruno Parker","Tom Wood"
"Charles Karipova","Albert Larson"
"Charles Karipova","Albert Li"
"Charles Karipova","Alex Larson"
"Charles Karipova","Bruno Karipova"
"Charles Karipova","Bruno Parker"
"Charles Karipova","Charles Peterson"
"Charles Karipova","David Parker"
"Charles Karipova","Denny Goldstein"
"Charles Karipova","Denny Keit"
"Charles Karipova","Denny Toddbridge"
"Charles Karipova","Elena DSouza"
"Charles Karipova","Emma Goldstein"
"Charles Karipova","Emma Parker"
"Charles Karipova","Gabriela Li"
"Charles Karipova","George Parker"
"Charles Karipova","Jeremy Goldstein"
"Charles Karipova","Jeremy Parker"
"Charles Karipova","Mandy Wood"
"Charles Karipova","Monica Keit"
"Charles Karipova","Monica Lomet"
"Charles Karipova","Nadir Karipova"
"Charles Karipova","Nadir Li"
"Charles Karipova","Roger Larson"
"Charles Karipova","Sam Goldstein"
"Charles Karipova","Sam Larson"
"Charles Karipova","Sam Peterson"
"Charles Karipova","Tina Keit"
"Charles Karipova","Tom Chrysler"
"Charles Parker","Albert Li"
"Charles Parker","Alex Peterson"
"Charles Parker","Bruno Karipova"
"Charles Parker","Charles Karipova"
"Charles Parker","Charles Peterson"
"Charles Parker","David Parker"
"Charles Parker","Denny Goldstein"
"Charles Parker","Denny Keit"
"Charles Parker","Denny Toddbridge"
"Charles Parker","Elena DSouza"
"Charles Parker","Emma Goldstein"
"Charles Parker","Emma Parker"
"Charles Parker","Gabriela Li"
"Charles Parker","George Parker"
"Charles Parker","Gina Larson"
"Charles Parker","Jeremy Goldstein"
"Charles Parker","Jeremy Parker"
"Charles Parker","Mandy Wood"
"Charles Parker","Monica DSouza"
"Charles Parker","Monica Keit"
"Charles Parker","Monica Lomet"
"Charles Parker","Nadir Li"
"Charles Parker","Roger Larson"
"Charles Parker","Sam Goldstein"
"Charles Parker","Tina Keit"
"Charles Parker","Tom Chrysler"
"Charles Parker","Tom Wood"
"Charles Peterson","Albert Li"
"Charles Peterson","Alex Larson"
"Charles Peterson","Bruno Karipova"
"Charles Peterson","Bruno Parker"
"Charles Peterson","Charles Karipova"
"Charles Peterson","Charles Parker"
"Charles Peterson","Denny Goldstein"
"Charles Peterson","Denny Toddbridge"
"Charles Peterson","Elena DSouza"
"Charles Peterson","Emma Goldstein"
"Charles Peterson","Gabriela Li"
"Charles Peterson","George Parker"
"Charles Peterson","Gina Larson"
"Charles Peterson","Jeremy Carey"
"Charles Peterson","Jeremy Goldstein"
"Charles Peterson","Jeremy Parker"
"Charles Peterson","John Parker"
"Charles Peterson","Mandy Wood"
"Charles Peterson","Monica DSouza"
"Charles Peterson","Monica Keit"
"Charles Peterson","Monica Lomet"
"Charles Peterson","Nadir Karipova"
"Charles Peterson","Roger Larson"
"Charles Peterson","Sam Goldstein"
"Charles Peterson","Sam Larson"
"Charles Peterson","Tina Keit"
"Charles Peterson","Tom Chrysler"
"Charles Peterson","Tom Wood"
"David Parker","Albert Karipova"
"David Parker","Albert Larson"
"David Parker","Albert Li"
"David Parker","Alex Larson"
"David Parker","Alex Peterson"
"David Parker","Bruno Karipova"
"David Parker","Bruno Parker"
"David Parker","Charles Karipova"
"David Parker","Charles Parker"
"David Parker","Charles Peterson"
"David Parker","Denny Goldstein"
"David Parker","Denny Keit"
"David Parker","Denny Toddbridge"
"David Parker","Elena DSouza"
"David Parker","Emma Goldstein"
"David Parker","Gabriela Li"
"David Parker","Gina Larson"
"David Parker","Jeremy Carey"
"David Parker","Jeremy Goldstein"
"David Parker","Jeremy Parker"
"David Parker","Mandy Wood"
"David Parker","Monica DSouza"
"David Parker","Monica Keit"
"David Parker","Monica Lomet"
"David Parker","Nadir Karipova"
"David Parker","Nadir Li"
"David Parker","Roger Larson"
"David Parker","Sam Goldstein"
"David Parker","Sam Peterson"
"David Parker","Tina Keit"
"David Parker","Tom Chrysler"
"Denny Goldstein","Albert Karipova"
"Denny Goldstein","Albert Larson"
"Denny Goldstein","Albert Li"
"Denny Goldstein","Alex Peterson"
"Denny Goldstein","Bruno Parker"
"Denny Goldstein","Charles Karipova"
"Denny Goldstein","Charles Parker"
"Denny Goldstein","David Parker"
"Denny Goldstein","Denny Keit"
"Denny Goldstein","Denny Toddbridge"
"Denny Goldstein","Elena DSouza"
"Denny Goldstein","Emma Goldstein"
"Denny Goldstein","Emma Parker"
"Denny Goldstein","Gabriela Li"
"Denny Goldstein","George Parker"
"Denny Goldstein","Gina Larson"
"Denny Goldstein","Jeremy Carey"
"Denny Goldstein","Jeremy Goldstein"
"Denny Goldstein","Jeremy Parker"
"Denny Goldstein","John Parker"
"Denny Goldstein","Mandy Wood"
"Denny Goldstein","Monica DSouza"
"Denny Goldstein","Monica Keit"
"Denny Goldstein","Monica Lomet"
"Denny Goldstein","Nadir Karipova"
"Denny Goldstein","Nadir Li"
"Denny Goldstein","Roger Larson"
"Denny Goldstein","Sam Goldstein"
"Denny Goldstein","Sam Larson"
"Denny Goldstein","Sam Peterson"
"Denny Goldstein","Tina Keit"
"Denny Goldstein","Tom Chrysler"
"Denny Goldstein","Tom Wood"
"Denny Keit","Albert Karipova"
"Denny Keit","Albert Larson"
"Denny Keit","Albert Li"
"Denny Keit","Alex Larson"
"Denny Keit","Alex Peterson"
"Denny Keit","Bruno Karipova"
"Denny Keit","Charles Karipova"
"Denny Keit","Charles Parker"
"Denny Keit","Charles Peterson"
"Denny Keit","David Parker"
"Denny Keit","Denny Goldstein"
"Denny Keit","Denny Toddbridge"
"Denny Keit","Emma Goldstein"
"Denny Keit","Gabriela Li"
"Denny Keit","George Parker"
"Denny Keit","Gina Larson"
"Denny Keit","Jeremy Carey"
"Denny Keit","Jeremy Parker"
"Denny Keit","John Parker"
"Denny Keit","Mandy Wood"
"Denny Keit","Monica DSouza"
"Denny Keit","Monica Keit"
"Denny Keit","Monica Lomet"
"Denny Keit","Nadir Karipova"
"Denny Keit","Nadir Li"
"Denny Keit","Roger Larson"
"Denny Keit","Sam Goldstein"
"Denny Keit","Sam Larson"
"Denny Keit","Tina Keit"
"Denny Keit","Tom Chrysler"
"Denny Keit","Tom Wood"
"Denny Toddbridge","Albert Karipova"
"Denny Toddbridge","Albert Larson"
"Denny Toddbridge","Alex Peterson"
"Denny Toddbridge","Bruno Parker"
"Denny Toddbridge","Charles Karipova"
"Denny Toddbridge","Charles Peterson"
"Denny Toddbridge","David Parker"
"Denny Toddbridge","Denny Keit"
"Denny Toddbridge","Emma Goldstein"
"Denny Toddbridge","Emma Parker"
"Denny Toddbridge","Gabriela Li"
"Denny Toddbridge","George Parker"
"Denny Toddbridge","Gina Larson"
"Denny Toddbridge","Jeremy Carey"
"Denny Toddbridge","Jeremy Goldstein"
"Denny Toddbridge","Jeremy Parker"
"Denny Toddbridge","John Parker"
"Denny Toddbridge","Mandy Wood"
"Denny Toddbridge","Monica DSouza"
"Denny Toddbridge","Monica Keit"
"Denny Toddbridge","Monica Lomet"
"Denny Toddbridge","Nadir Li"
"Denny Toddbridge","Roger Larson"
"Denny Toddbridge","Sam Goldstein"
"Denny Toddbridge","Sam Peterson"
"Denny Toddbridge","Tina Keit"
"Denny Toddbridge","Tom Chrysler"
"Denny Toddbridge","Tom Wood"
"Elena DSouza","Albert Karipova"
"Elena DSouza","Albert Larson"
"Elena DSouza","Albert Li"
"Elena DSouza","Alex Larson"
"Elena DSouza","Alex Peterson"
"Elena DSouza","Charles Karipova"
"Elena DSouza","Charles Parker"
"Elena DSouza","Charles Peterson"
"Elena DSouza","David Parker"
"Elena DSouza","Denny Goldstein"
"Elena DSouza","Denny Keit"
"Elena DSouza","Denny Toddbridge"
"Elena DSouza","Emma Goldstein"
"Elena DSouza","Emma Parker"
"Elena DSouza","Gabriela Li"
"Elena DSouza","George Parker"
"Elena DSouza","Gina Larson"
"Elena DSouza","Jeremy Carey"
"Elena DSouza","Jeremy Goldstein"
"Elena DSouza","Jeremy Parker"
"Elena DSouza","John Parker"
"Elena DSouza","Mandy Wood"
"Elena DSouza","Monica DSouza"
"Elena DSouza","Monica Keit"
"Elena DSouza","Monica Lomet"
"Elena DSouza","Nadir Karipova"
"Elena DSouza","Nadir Li"
"Elena DSouza","Roger Larson"
"Elena DSouza","Sam Goldstein"
"Elena DSouza","Sam Larson"
"Elena DSouza","Sam Peterson"
"Elena DSouza","Tina Keit"
"Elena DSouza","Tom Wood"
"Emma Goldstein","Albert Karipova"
"Emma Goldstein","Albert Larson"
"Emma Goldstein","Albert Li"
"Emma Goldstein","Alex Larson"
"Emma Goldstein","Alex Peterson"
"Emma Goldstein","Bruno Karipova"
"Emma Goldstein","Bruno Parker"
"Emma Goldstein","Charles Karipova"
"Emma Goldstein","Charles Parker"
"Emma Goldstein","David Parker"
"Emma Goldstein","Denny Goldstein"
"Emma Goldstein","Denny Keit"
"Emma Goldstein","Denny Toddbridge"
"Emma Goldstein","Elena DSouza"
"Emma Goldstein","Gabriela Li"
"Emma Goldstein","George Parker"
"Emma Goldstein","Gina Larson"
"Emma Goldstein","Jeremy Goldstein"
"Emma Goldstein","Mandy Wood"
"Emma Goldstein","Monica DSouza"
"Emma Goldstein","Monica Keit"
"Emma Goldstein","Monica Lomet"
"Emma Goldstein","Nadir Karipova"
"Emma Goldstein","Nadir Li"
"Emma Goldstein","Roger Larson"
"Emma Goldstein","Sam Peterson"
"Emma Goldstein","Tina Keit"
"Emma Goldstein","Tom Chrysler"
"Emma Parker","Albert Karipova"
"Emma Parker","Albert Larson"
"Emma Parker","Albert Li"
"Emma Parker","Alex Larson"
"Emma Parker","Bruno Karipova"
"Emma Parker","Bruno Parker"
"Emma Parker","Charles Karipova"
"Emma Parker","Charles Parker"
"Emma Parker","Charles Peterson"
"Emma Parker","David Parker"
"Emma Parker","Denny Goldstein"
"Emma Parker","Denny Keit"
"Emma Parker","Denny Toddbridge"
"Emma Parker","Elena DSouza"
"Emma Parker","George Parker"
"Emma Parker","Gina Larson"
"Emma Parker","Jeremy Carey"
"Emma Parker","Jeremy Parker"
"Emma Parker","John Parker"
"Emma Parker","Mandy Wood"
"Emma Parker","Monica DSouza"
"Emma Parker","Monica Lomet"
"Emma Parker","Nadir Karipova"
"Emma Parker","Nadir Li"
"Emma Parker","Sam Goldstein"
"Emma Parker","Sam Larson"
"Emma Parker","Sam Peterson"
"Emma Parker","Tina Keit"
"Emma Parker","Tom Chrysler"
"Emma Parker","Tom Wood"
"Gabriela Li","Albert Karipova"
"Gabriela Li","Albert Li"
"Gabriela Li","Alex Larson"
"Gabriela Li","Alex Peterson"
"Gabriela Li","Bruno Karipova"
"Gabriela Li","Bruno Parker"
"Gabriela Li","Charles Karipova"
"Gabriela Li","Charles Parker"
"Gabriela Li","Charles Peterson"
"Gabriela Li","Denny Keit"
"Gabriela Li","Denny Toddbridge"
"Gabriela Li","Elena DSouza"
"Gabriela Li","George Parker"
"Gabriela Li","Gina Larson"
"Gabriela Li","Jeremy Carey"
"Gabriela Li","Jeremy Goldstein"
"Gabriela Li","Jeremy Parker"
"Gabriela Li","John Parker"
"Gabriela Li","Mandy Wood"
"Gabriela Li","Monica DSouza"
"Gabriela Li","Monica Keit"
"Gabriela Li","Nadir Karipova"
"Gabriela Li","Nadir Li"
"Gabriela Li","Roger Larson"
"Gabriela Li","Sam Larson"
"Gabriela Li","Sam Peterson"
"Gabriela Li","Tina Keit"
"Gabriela Li","Tom Chrysler"
"Gabriela Li","Tom Wood"
"George Parker","Albert Karipova"
"George Parker","Albert Larson"
"George Parker","Albert Li"
"George Parker","Alex Larson"
"George Parker","Alex Peterson"
"George Parker","Bruno Karipova"
"George Parker","Bruno Parker"
"George Parker","Charles Parker"
"George Parker","Charles Peterson"
"George Parker","David Parker"
"George Parker","Denny Goldstein"
"George Parker","Denny Toddbridge"
"George Parker","Elena DSouza"
"George Parker","Emma Goldstein"
"George Parker","Emma Parker"
"George Parker","Gabriela Li"
"George Parker","Gina Larson"
"George Parker","Jeremy Goldstein"
"George Parker","Jeremy Parker"
"George Parker","John Parker"
"George Parker","Mandy Wood"
"George Parker","Monica DSouza"
"George Parker","Monica Keit"
"George Parker","Monica Lomet"
"George Parker","Nadir Karipova"
"George Parker","Roger Larson"
"George Parker","Sam Goldstein"
"George Parker","Sam Larson"
"George Parker","Sam Peterson"
"George Parker","Tina Keit"
"George Parker","Tom Chrysler"
"George Parker","Tom Wood"
"Gina Larson","Albert Larson"
"Gina Larson","Alex Larson"
"Gina Larson","Alex Peterson"
"Gina Larson","Bruno Karipova"
"Gina Larson","Bruno Parker"
"Gina Larson","Charles Karipova"
"Gina Larson","Charles Parker"
"Gina Larson","Denny Toddbridge"
"Gina Larson","Elena DSouza"
"Gina Larson","Emma Goldstein"
"Gina Larson","Emma Parker"
"Gina Larson","Gabriela Li"
"Gina Larson","George Parker"
"Gina Larson","Jeremy Carey"
"Gina Larson","Jeremy Parker"
"Gina Larson","Mandy Wood"
"Gina Larson","Monica DSouza"
"Gina Larson","Monica Lomet"
"Gina Larson","Nadir Karipova"
"Gina Larson","Nadir Li"
"Gina Larson","Sam Goldstein"
"Gina Larson","Sam Larson"
"Gina Larson","Sam Peterson"
"Gina Larson","Tom Chrysler"
"Gina Larson","Tom Wood"
"Jeremy Carey","Albert Karipova"
"Jeremy Carey","Albert Larson"
"Jeremy Carey","Alex Larson"
"Jeremy Carey","Alex Peterson"
"Jeremy Carey","Bruno Parker"
"Jeremy Carey","Charles Karipova"
"Jeremy Carey","Charles Parker"
"Jeremy Carey","David Parker"
"Jeremy Carey","Denny Keit"
"Jeremy Carey","Denny Toddbridge"
"Jeremy Carey","Elena DSouza"
"Jeremy Carey","Emma Parker"
"Jeremy Carey","Gabriela Li"
"Jeremy Carey","George Parker"
"Jeremy Carey","Jeremy Goldstein"
"Jeremy Carey","John Parker"
"Jeremy Carey","Mandy Wood"
"Jeremy Carey","Monica DSouza"
"Jeremy Carey","Monica Lomet"
"Jeremy Carey","Nadir Karipova"
"Jeremy Carey","Nadir Li"
"Jeremy Carey","Roger Larson"
"Jeremy Carey","Sam Goldstein"
"Jeremy Carey","Sam Larson"
"Jeremy Carey","Sam Peterson"
"Jeremy Carey","Tina Keit"
"Jeremy Carey","Tom Chrysler"
"Jeremy Carey","Tom Wood"
"Jeremy Goldstein","Albert Karipova"
"Jeremy Goldstein","Albert Larson"
"Jeremy Goldstein","Albert Li"
"Jeremy Goldstein","Alex Larson"
"Jeremy Goldstein","Bruno Karipova"
"Jeremy Goldstein","Charles Karipova"
"Jeremy Goldstein","Charles Parker"
"Jeremy Goldstein","Charles Peterson"
"Jeremy Goldstein","David Parker"
"Jeremy Goldstein","Denny Keit"
"Jeremy Goldstein","Denny Toddbridge"
"Jeremy Goldstein","Elena DSouza"
"Jeremy Goldstein","Emma Goldstein"
"Jeremy Goldstein","Emma Parker"
"Jeremy Goldstein","Gabriela Li"
"Jeremy Goldstein","George Parker"
"Jeremy Goldstein","Gina Larson"
"Jeremy Goldstein","Jeremy Carey"
"Jeremy Goldstein","Jeremy Parker"
"Jeremy Goldstein","John Parker"
"Jeremy Goldstein","Mandy Wood"
"Jeremy Goldstein","Monica DSouza"
"Jeremy Goldstein","Monica Keit"
"Jeremy Goldstein","Nadir Karipova"
"Jeremy Goldstein","Nadir Li"
"Jeremy Goldstein","Roger Larson"
"Jeremy Goldstein","Sam Goldstein"
"Jeremy Goldstein","Sam Larson"
"Jeremy Goldstein","Sam Peterson"
"Jeremy Goldstein","Tina Keit"
"Jeremy Goldstein","Tom Chrysler"
"Jeremy Goldstein","Tom Wood"
"Jeremy Parker","Albert Karipova"
"Jeremy Parker","Albert Larson"
"Jeremy Parker","Albert Li"
"Jeremy Parker","Alex Larson"
"Jeremy Parker","Alex Peterson"
"Jeremy Parker","Bruno Karipova"
"Jeremy Parker","Charles Karipova"
"Jeremy Parker","Charles Parker"
"Jeremy Parker","Charles Peterson"
"Jeremy Parker","David Parker"
"Jeremy Parker","Denny Goldstein"
"Jeremy Parker","Denny Keit"
"Jeremy Parker","Denny Toddbridge"
"Jeremy Parker","Elena DSouza"
"Jeremy Parker","Emma Goldstein"
"Jeremy Parker","Emma Parker"
"Jeremy Parker","Gabriela Li"
"Jeremy Parker","George Parker"
"Jeremy Parker","Gina Larson"
"Jeremy Parker","Jeremy Carey"
"Jeremy Parker","Jeremy Goldstein"
"Jeremy Parker","John Parker"
"Jeremy Parker","Mandy Wood"
"Jeremy Parker","Monica DSouza"
"Jeremy Parker","Monica Lomet"
"Jeremy Parker","Nadir Karipova"
"Jeremy Parker","Nadir Li"
"Jeremy Parker","Roger Larson"
"Jeremy Parker","Sam Goldstein"
"Jeremy Parker","Sam Larson"
"Jeremy Parker","Sam Peterson"
"Jeremy Parker","Tina Keit"
"Jeremy Parker","Tom Wood"
"John Parker","Albert Larson"
"John Parker","Alex Larson"
"John Parker","Alex Peterson"
"John Parker","Bruno Karipova"
"John Parker","Charles Karipova"
"John Parker","Charles Parker"
"John Parker","David Parker"
"John Parker","Denny Keit"
"John Parker","Denny Toddbridge"
"John Parker","Elena DSouza"
"John Parker","Emma Goldstein"
"John Parker","Emma Parker"
"John Parker","Gabriela Li"
"John Parker","George Parker"
"John Parker","Gina Larson"
"John Parker","Jeremy Carey"
"John Parker","Jeremy Goldstein"
"John Parker","Jeremy Parker"
"John Parker","Mandy Wood"
"John Parker","Monica DSouza"
"John Parker","Monica Keit"
"John Parker","Monica Lomet"
"John Parker","Nadir Li"
"John Parker","Roger Larson"
"John Parker","Sam Goldstein"
"John Parker","Sam Larson"
"John Parker","Sam Peterson"
"John Parker","Tina Keit"
"John Parker","Tom Chrysler"
"John Parker","Tom Wood"
"Mandy Wood","Albert Karipova"
"Mandy Wood","Albert Larson"
"Mandy Wood","Albert Li"
"Mandy Wood","Alex Larson"
"Mandy Wood","Alex Peterson"
"Mandy Wood","Bruno Karipova"
"Mandy Wood","Bruno Parker"
"Mandy Wood","Charles Karipova"
"Mandy Wood","Charles Parker"
"Mandy Wood","Charles Peterson"
"Mandy Wood","David Parker"
"Mandy Wood","Denny Goldstein"
"Mandy Wood","Denny Toddbridge"
"Mandy Wood","Elena DSouza"
"Mandy Wood","Emma Goldstein"
"Mandy Wood","Emma Parker"
"Mandy Wood","Gabriela Li"
"Mandy Wood","George Parker"
"Mandy Wood","Gina Larson"
"Mandy Wood","Jeremy Goldstein"
"Mandy Wood","Jeremy Parker"
"Mandy Wood","Monica DSouza"
"Mandy Wood","Monica Keit"
"Mandy Wood","Monica Lomet"
"Mandy Wood","Nadir Li"
"Mandy Wood","Sam Larson"
"Mandy Wood","Sam Peterson"
"Mandy Wood","Tom Chrysler"
"Mandy Wood","Tom Wood"
"Monica DSouza","Albert Karipova"
"Monica DSouza","Albert Larson"
"Monica DSouza","Albert Li"
"Monica DSouza","Alex Larson"
"Monica DSouza","Bruno Karipova"
"Monica DSouza","Bruno Parker"
"Monica DSouza","Charles Parker"
"Monica DSouza","Charles Peterson"
"Monica DSouza","David Parker"
"Monica DSouza","Denny Goldstein"
"Monica DSouza","Denny Keit"
"Monica DSouza","Elena DSouza"
"Monica DSouza","Emma Goldstein"
"Monica DSouza","Emma Parker"
"Monica DSouza","Gabriela Li"
"Monica DSouza","George Parker"
"Monica DSouza","Jeremy Carey"
"Monica DSouza","Jeremy Goldstein"
"Monica DSouza","John Parker"
"Monica DSouza","Monica Keit"
"Monica DSouza","Monica Lomet"
"Monica DSouza","Nadir Karipova"
"Monica DSouza","Nadir Li"
"Monica DSouza","Roger Larson"
"Monica DSouza","Sam Goldstein"
"Monica DSouza","Sam Larson"
"Monica DSouza","Sam Peterson"
"Monica DSouza","Tom Chrysler"
"Monica DSouza","Tom Wood"
"Monica Keit","Albert Karipova"
"Monica Keit","Albert Larson"
"Monica Keit","Albert Li"
"Monica Keit","Alex Larson"
"Monica Keit","Bruno Parker"
"Monica Keit","Charles Karipova"
"Monica Keit","Charles Peterson"
"Monica Keit","David Parker"
"Monica Keit","Denny Goldstein"
"Monica Keit","Denny Keit"
"Monica Keit","Denny Toddbridge"
"Monica Keit","Emma Goldstein"
"Monica Keit","Emma Parker"
"Monica Keit","Gabriela Li"
"Monica Keit","George Parker"
"Monica Keit","Gina Larson"
"Monica Keit","Jeremy Goldstein"
"Monica Keit","Jeremy Parker"
"Monica Keit","John Parker"
"Monica Keit","Mandy Wood"
"Monica Keit","Monica DSouza"
"Monica Keit","Monica Lomet"
"Monica Keit","Nadir Li"
"Monica Keit","Roger Larson"
"Monica Keit","Sam Goldstein"
"Monica Keit","Sam Larson"
"Monica Keit","Sam Peterson"
"Monica Keit","Tina Keit"
"Monica Keit","Tom Chrysler"
"Monica Lomet","Albert Karipova"
"Monica Lomet","Albert Li"
"Monica Lomet","Alex Larson"
"Monica Lomet","Bruno Parker"
"Monica Lomet","Charles Karipova"
"Monica Lomet","Charles Parker"
"Monica Lomet","Charles Peterson"
"Monica Lomet","David Parker"
"Monica Lomet","Denny Keit"
"Monica Lomet","Denny Toddbridge"
"Monica Lomet","Elena DSouza"
"Monica Lomet","Emma Goldstein"
"Monica Lomet","Gabriela Li"
"Monica Lomet","George Parker"
"Monica Lomet","Gina Larson"
"Monica Lomet","Jeremy Carey"
"Monica Lomet","Jeremy Parker"
"Monica Lomet","John Parker"
"Monica Lomet","Mandy Wood"
"Monica Lomet","Monica DSouza"
"Monica Lomet","Monica Keit"
"Monica Lomet","Nadir Karipova"
"Monica Lomet","Nadir Li"
"Monica Lomet","Roger Larson"
"Monica Lomet","Sam Goldstein"
"Monica Lomet","Sam Larson"
"Monica Lomet","Sam Peterson"
"Monica Lomet","Tina Keit"
"Monica Lomet","Tom Chrysler"
"Monica Lomet","Tom Wood"
"Nadir Karipova","Albert Karipova"
"Nadir Karipova","Albert Li"
"Nadir Karipova","Alex Larson"
"Nadir Karipova","Alex Peterson"
"Nadir Karipova","Bruno Parker"
"Nadir Karipova","Charles Karipova"
"Nadir Karipova","Charles Peterson"
"Nadir Karipova","Denny Goldstein"
"Nadir Karipova","Denny Keit"
"Nadir Karipova","Elena DSouza"
"Nadir Karipova","Gabriela Li"
"Nadir Karipova","George Parker"
"Nadir Karipova","Gina Larson"
"Nadir Karipova","Jeremy Carey"
"Nadir Karipova","Jeremy Goldstein"
"Nadir Karipova","Jeremy Parker"
"Nadir Karipova","John Parker"
"Nadir Karipova","Mandy Wood"
"Nadir Karipova","Monica DSouza"
"Nadir Karipova","Monica Keit"
"Nadir Karipova","Nadir Li"
"Nadir Karipova","Roger Larson"
"Nadir Karipova","Sam Goldstein"
"Nadir Karipova","Sam Larson"
"Nadir Karipova","Tina Keit"
"Nadir Karipova","Tom Wood"
"Nadir Li","Albert Karipova"
"Nadir Li","Alex Larson"
"Nadir Li","Bruno Karipova"
"Nadir Li","Bruno Parker"
"Nadir Li","Charles Parker"
"Nadir Li","Charles Peterson"
"Nadir Li","David Parker"
"Nadir Li","Denny Goldstein"
"Nadir Li","Denny Keit"
"Nadir Li","Denny Toddbridge"
"Nadir Li","Elena DSouza"
"Nadir Li","Emma Goldstein"
"Nadir Li","Emma Parker"
"Nadir Li","Gabriela Li"
"Nadir Li","George Parker"
"Nadir Li","Gina Larson"
"Nadir Li","Jeremy Carey"
"Nadir Li","Jeremy Goldstein"
"Nadir Li","Jeremy Parker"
"Nadir Li","John Parker"
"Nadir Li","Mandy Wood"
"Nadir Li","Monica DSouza"
"Nadir Li","Monica Lomet"
"Nadir Li","Nadir Karipova"
"Nadir Li","Roger Larson"
"Nadir Li","Sam Goldstein"
"Nadir Li","Sam Larson"
"Nadir Li","Sam Peterson"
"Nadir Li","Tina Keit"
"Nadir Li","Tom Chrysler"
"Nadir Li","Tom Wood"
"Roger Larson","Albert Li"
"Roger Larson","Bruno Karipova"
"Roger Larson","Charles Karipova"
"Roger Larson","David Parker"
"Roger Larson","Denny Goldstein"
"Roger Larson","Denny Keit"
"Roger Larson","Denny Toddbridge"
"Roger Larson","Elena DSouza"
"Roger Larson","Emma Goldstein"
"Roger Larson","Emma Parker"
"Roger Larson","George Parker"
"Roger Larson","Gina Larson"
"Roger Larson","Jeremy Carey"
"Roger Larson","Jeremy Goldstein"
"Roger Larson","Jeremy Parker"
"Roger Larson","John Parker"
"Roger Larson","Mandy Wood"
"Roger Larson","Monica DSouza"
"Roger Larson","Monica Keit"
"Roger Larson","Monica Lomet"
"Roger Larson","Nadir Karipova"
"Roger Larson","Nadir Li"
"Roger Larson","Sam Goldstein"
"Roger Larson","Sam Larson"
"Roger Larson","Sam Peterson"
"Roger Larson","Tina Keit"
"Roger Larson","Tom Chrysler"
"Roger Larson","Tom Wood"
"Sam Goldstein","Albert Karipova"
"Sam Goldstein","Albert Larson"
"Sam Goldstein","Albert Li"
"Sam Goldstein","Alex Larson"
"Sam Goldstein","Alex Peterson"
"Sam Goldstein","Bruno Karipova"
"Sam Goldstein","Bruno Parker"
"Sam Goldstein","Charles Karipova"
"Sam Goldstein","Charles Peterson"
"Sam Goldstein","David Parker"
"Sam Goldstein","Denny Goldstein"
"Sam Goldstein","Denny Keit"
"Sam Goldstein","Denny Toddbridge"
"Sam Goldstein","Elena DSouza"
"Sam Goldstein","Emma Parker"
"Sam Goldstein","Gabriela Li"
"Sam Goldstein","George Parker"
"Sam Goldstein","Gina Larson"
"Sam Goldstein","Jeremy Carey"
"Sam Goldstein","Jeremy Goldstein"
"Sam Goldstein","Jeremy Parker"
"Sam Goldstein","John Parker"
"Sam Goldstein","Mandy Wood"
"Sam Goldstein","Monica DSouza"
"Sam Goldstein","Monica Keit"
"Sam Goldstein","Nadir Karipova"
"Sam Goldstein","Nadir Li"
"Sam Goldstein","Roger Larson"
"Sam Goldstein","Sam Larson"
"Sam Goldstein","Sam Peterson"
"Sam Goldstein","Tina Keit"
"Sam Goldstein","Tom Chrysler"
"Sam Larson","Albert Larson"
"Sam Larson","Albert Li"
"Sam Larson","Alex Larson"
"Sam Larson","Alex Peterson"
"Sam Larson","Bruno Karipova"
"Sam Larson","Bruno Parker"
"Sam Larson","Charles Karipova"
"Sam Larson","Charles Parker"
"Sam Larson","David Parker"
"Sam Larson","Denny Goldstein"
"Sam Larson","Denny Keit"
"Sam Larson","Denny Toddbridge"
"Sam Larson","Elena DSouza"
"Sam Larson","Emma Goldstein"
"Sam Larson","Emma Parker"
"Sam Larson","Gabriela Li"
"Sam Larson","Gina Larson"
"Sam Larson","Jeremy Goldstein"
"Sam Larson","Jeremy Parker"
"Sam Larson","John Parker"
"Sam Larson","Mandy Wood"
"Sam Larson","Monica DSouza"
"Sam Larson","Monica Keit"
"Sam Larson","Monica Lomet"
"Sam Larson","Nadir Li"
"Sam Larson","Roger Larson"
"Sam Larson","Sam Goldstein"
"Sam Larson","Sam Peterson"
"Sam Larson","Tina Keit"
"Sam Larson","Tom Chrysler"
"Sam Larson","Tom Wood"
"Sam Peterson","Albert Karipova"
"Sam Peterson","Albert Larson"
"Sam Peterson","Alex Larson"
"Sam Peterson","Alex Peterson"
"Sam Peterson","Bruno Karipova"
"Sam Peterson","David Parker"
"Sam Peterson","Denny Goldstein"
"Sam Peterson","Denny Keit"
"Sam Peterson","Emma Goldstein"
"Sam Peterson","Emma Parker"
"Sam Peterson","Gabriela Li"
"Sam Peterson","George Parker"
"Sam Peterson","Gina Larson"
"Sam Peterson","Jeremy Carey"
"Sam Peterson","Jeremy Goldstein"
"Sam Peterson","John Parker"
"Sam Peterson","Mandy Wood"
"Sam Peterson","Monica DSouza"
"Sam Peterson","Monica Keit"
"Sam Peterson","Monica Lomet"
"Sam Peterson","Nadir Karipova"
"Sam Peterson","Roger Larson"
"Sam Peterson","Sam Goldstein"
